<?xml version="1.0"?>

<adapters_conf id="NADEX">

    <metadata_provider>
        <adapter_class>PROXY_FOR_REMOTE_ADAPTER</adapter_class>
        <classloader>log-enabled</classloader>
        <param name="request_reply_port">8003</param>
    </metadata_provider>

    <data_provider>
        <adapter_class>PROXY_FOR_REMOTE_ADAPTER</adapter_class>
        <classloader>log-enabled</classloader>
        <param name="request_reply_port">8001</param>
        <param name="notify_port">8002</param>
    </data_provider>

</adapters_conf>
