<?xml version="1.0" encoding="UTF-8"?>
<!-- Do not remove this line. File tag: google_notif_conf-APV-20180228. -->

<google_notifier_conf>

   <!-- Optional. Minimum delay between successive mobile push
        notifications for the same app/device pair. Each app/device
        pair is subject to constraints on the pace mobile push
        notifications may be sent to it. For this reason, a minimum
        delay is set and may be altered with this parameter. Lowering
        it too much, and subsequently sending notifications with a high
        frequency, may cause Google's Firebase Cloud Messaging service ("FCM")
        to close the connection and ban (temporarily or permanently) any
        successive notification.
        Mobile push notifications fired by a trigger are not subject to
        this limit and may be sent at higher pace.
        Default: 1000 (1 sec) -->
   <!--
   <min_send_delay_millis>1000</min_send_delay_millis>
   -->

   <!-- Optional and cumulative.
        Configuration of a specific app that should receive mobile push
        notifications. Each <app> block configures an app corresponding to the
        package name specified in the "packageName" attribute. -->
   <!--
   <app packageName="com.mydomain.myapp">
   -->

      <!-- Mandatory. Specifies the intended service level for the
           current app, must be one of: test, dry_run, production.
           If set to "test", notification will be logged only and no
           connection will be established with Google's servers.
           The corresponding logger is LightstreamerLogger.mpn.google,
           notifications are logged at INFO level (see
           lightstreamer_log_conf.xml).
           If set to "dry_run" or "production", notifications will
           be sent to Google's servers. If set to "dry_run",
           notifications will be accepted by Google's servers but not
           delivered to the user's device.
           If not set to "test" the following parameter becomes
           mandatory. -->
      <service_level>test</service_level>

      <!-- Optional. Specifies the API key obtained from Google's
           Developers Console for the project related to the current
           app. Must be set if the service level is "dry_run" or
           "production".-->
      <!--
      <api_key>xxxxxxxxxxx-xxxxxxxxxxxxxxxxxxxxxxxxxxx</api_key>
      -->

      <!-- Optional. Specifies the maximum number of retries in case
           of service unavailability when sending mobile push notifications to
           Google's end point.
           Default: 3 -->
      <!--
      <max_retries>3</max_retries>
      -->

      <!-- Optional. Specifies the list of trigger expressions that will be
           accepted. Each <accept> element is a Java-compatible regular expression
           (see java.util.regex.Pattern): triggers requested via client APIs will
           be compared with each regular expression, and accepted only if there
           is at least one match.
           Remember that the MPN Module supports, as trigger, any Java boolean
           expression, including use of JDK classes and methods, with the addition
           of field references syntax (see the iOS Client SDK for more information).
           Hence, this check is a safety measure required to avoid that clients
           can request triggers potentially dangerous for the Server, as each
           trigger may contain arbitrary Java code.
           If left commented out or empty, no triggers will be accepted.
           Please note that using an "accept all" regular expression like .*
           is possible, but still leaves the Server exposed to the danger of
           maliciously crafted triggers. Anyway, the Metadata Adapter has a second
           chance to check for trigger allowance.
           The example shown below is for a typical notification on threshold,
           where a field is compared against a numeric constant.
           Note: submitted trigger expressions are compared with this list of
           regular expressions after their named-arguments have been converted
           to indexed-arguments. Always specify fields with the "$[digits]" format,
           not the "${name}" format. -->
      <!--
      <trigger_expressions>
         <accept>Double\.parseDouble\(\$\[\d+\]\) [&lt;&gt;] [+-]?(\d*\.)?\d+</accept>
      </trigger_expressions>
      -->

   <!--
   </app>
   -->

</google_notifier_conf>
